ACCESSION_NUMBER	RPTOWNERCIK	RPTOWNERNAME	RPTOWNER_RELATIONSHIP	RPTOWNER_TITLE	RPTOWNER_TXT	RPTOWNER_STREET1	RPTOWNER_STREET2	RPTOWNER_CITY	RPTOWNER_STATE	RPTOWNER_ZIPCODE	RPTOWNER_STATE_DESC	FILE_NUMBER
0000000000-26-000001	9000001	SYNTHETIC OWNER 1	Officer	Chief Synthetic Officer		1 EXAMPLE WAY		TESTVILLE	NY	10001		
0000000000-26-000002	9000002	SYNTHETIC OWNER 2	Director			1 EXAMPLE WAY		TESTVILLE	NY	10001		
0000000000-26-000003	9000003	SYNTHETIC OWNER 3	TenPercentOwner			1 EXAMPLE WAY		TESTVILLE	NY	10001		
0000000000-26-000004	9000004	SYNTHETIC OWNER 4	Director,Officer	Chair		1 EXAMPLE WAY		TESTVILLE	NY	10001		
0000000000-26-000005	9000002	SYNTHETIC OWNER 2	Officer	Chief Synthetic Officer		1 EXAMPLE WAY		TESTVILLE	NY	10001		
0000000000-26-000006	9000005	SYNTHETIC OWNER 5	Director			1 EXAMPLE WAY		TESTVILLE	NY	10001		
0000000000-26-000006	9000006	SYNTHETIC OWNER 6	Officer,Other	Trustee		1 EXAMPLE WAY		TESTVILLE	NY	10001		
0000000000-26-000007	9000001	SYNTHETIC OWNER 1	Officer	Chief Synthetic Officer		1 EXAMPLE WAY		TESTVILLE	NY	10001		
0000000000-26-000008	9000007	SYNTHETIC OWNER 7	Director			1 EXAMPLE WAY		TESTVILLE	NY	10001		
