ACCESSION_NUMBER	NONDERIV_TRANS_SK	SECURITY_TITLE	SECURITY_TITLE_FN	TRANS_DATE	TRANS_DATE_FN	DEEMED_EXECUTION_DATE	DEEMED_EXECUTION_DATE_FN	TRANS_FORM_TYPE	TRANS_CODE	EQUITY_SWAP_INVOLVED	EQUITY_SWAP_TRANS_CD_FN	TRANS_TIMELINESS	TRANS_TIMELINESS_FN	TRANS_SHARES	TRANS_SHARES_FN	TRANS_PRICEPERSHARE	TRANS_PRICEPERSHARE_FN	TRANS_ACQUIRED_DISP_CD	TRANS_ACQUIRED_DISP_CD_FN	SHRS_OWND_FOLWNG_TRANS	SHRS_OWND_FOLWNG_TRANS_FN	VALU_OWND_FOLWNG_TRANS	VALU_OWND_FOLWNG_TRANS_FN	DIRECT_INDIRECT_OWNERSHIP	DIRECT_INDIRECT_OWNERSHIP_FN	NATURE_OF_OWNERSHIP	NATURE_OF_OWNERSHIP_FN
0000000000-26-000001	1000001	Common Stock		09-SEP-2026				4	P	false				1200.0		21.5		A		41200.0				D			
0000000000-26-000002	1000002	Common Stock		10-SEP-2026				4	P	false				500.0		102.0		A		9500.0				D			
0000000000-26-000003	1000003	Common Stock		03-SEP-2026				4	P	false				25000.0		58.25		A		1025000.0				I		by trust	
0000000000-26-000004	1000004	Common Stock		15-JUN-2026				4	P	false				800.0		19.75		A		10800.0				D			
0000000000-26-000005	1000005	Common Stock		08-SEP-2026				4	S	false				2000.0		103.5		D		7500.0				D			
0000000000-26-000006	1000006	Common Stock		08-SEP-2026				4	P	false				4000.0		59.0		A		64000.0				D			
0000000000-26-000007	1000007	Common Stock		08-SEP-2026				4	M	false				15000.0		3.1		A		56200.0				D			
0000000000-26-000007	1000008	Common Stock		08-SEP-2026				4	F	false				4100.0		21.6		D		52100.0				D			
0000000000-26-000008	1000009	Common Stock		08-SEP-2026				3	P	false				100.0		21.6		A		100.0				D			
